{
  "betting_line": 2.5,
  "threshold": 1.0,
  "total_bets": 1292,
  "win_rate": 0.7979876160990712,
  "edge": 0.2739876160990712,
  "profit": 169068.18181818147,
  "roi": 52.343090346186216,
  "account_start": 5000,
  "account_end": 174068.18181818147
}