{
  "threshold": 3.2000000000000015,
  "win_rate": 0.902875,
  "edge": 0.37887499999999996,
  "profit": 1447176.75,
  "roi": 72.35883749999999,
  "optimal_results": {
    "threshold": 3.2000000000000015,
    "bets": 8000,
    "win_rate": 0.902875,
    "ev": 0.723588375,
    "profit": 1447321.21
  }
}