{
  "7-game": {
    "mae": 0.9613351742986591,
    "heat_importance": 0.002351939285926639,
    "bets": 2844,
    "wins": 2836,
    "losses": 8,
    "win_rate": 99.71870604781998,
    "pnl": 641772,
    "roi": 90.26329113924051,
    "avg_per_bet": 225.65822784810126
  },
  "14-game": {
    "mae": 0.36790163546314647,
    "heat_importance": 0.8905439466088776,
    "bets": 4637,
    "wins": 4634,
    "losses": 3,
    "win_rate": 99.93530299762777,
    "pnl": 1051168,
    "roi": 90.6765581194738,
    "avg_per_bet": 226.69139529868448
  }
}